D00010	Acetic_acid
D00015	Glutamine
D00049	Niacin
D00063	Tobramycin
D00063	Tobramycin_dry-powder_inhaler
D00066	Progesterone
D00067	Estrone
D00075	Testosterone
D00077	Benzyl_alcohol
D00088	Hydrocortisone
D00094	Tretinoin
D00095	Epinephrine
D00104	Chloramphenicol
D00105	Estradiol
D00106	Epoprostenol
D00107	Tacrolimus
D00113	Atropine
D00116	Glucagon
D00118	Naproxen
D00120	Sulindac
D00124	Ephedrine
D00125	Etoposide
D00126	Ibuprofen
D00127	Piroxicam
D00128	Bacitracin
D00129	Calcitriol
D00130	Diflunisal
D00131	Disulfiram
D00132	Ketoprofen
D00134	Albendazole
D00135	Capreomycin
D00136	Haloperidol
D00138	Scopolamine
D00139	Methoxsalen
D00140	Erythromycin
D00141	Indomethacin
D00142	Methotrexate
D00144	Pyrazinamide
D00145	Trimethoprim
D00146	Corticotropin
D00151	Mefenamic_acid
D00158	Tolmetin
D00161	6-Mercaptopurine
D00161	Mercaptopurine
D00165	Hydrocortisone
D00169	Meclofenamate
D00180	Alprostadil
D00182	Norethindrone
D00184	Cyclosporine
D00186	Ciprofloxacin
D00195	Codeine
D00201	Tetracycline
D00202	Nystatin
D00204	Ampicillin
D00209	Griseofulvin
D00210	Norfloxacin
D00211	Rifampin
D00212	Vancomycin
D00216	Acarbose
D00218	Acetazolamide
D00221	Acetylcysteine
D00222	Acyclovir
D00223	Lincomycin
D00224	Allopurinol
D00225	Alprazolam
D00227	Aminophylline
D00228	Amoxapine
D00229	Amoxicillin
D00230	Amoxicillin_and_Clavulanate_Potassium
D00235	Atenolol
D00236	Atovaquone
D00237	Auranofin
D00238	Azathioprine
D00240	Aztreonam
D00241	Baclofen
D00244	Betamethasone
D00246	Budesonide
D00247	Bumetanide
D00248	Busulfan
D00249	Calcitonin,_salmon
D00251	Captopril
D00252	Carbamazepine
D00253	Carbidopa_and_Levodopa
D00255	Carvedilol
D00256	Cefaclor
D00257	Cefadroxil
D00258	Cefixime
D00261	Cefprozil
D00262	Cefuroxime
D00263	Cephalexin
D00266	Chlorambucil
D00267	Chlordiazepoxide
D00270	Chlorpromazine
D00271	Chlorpropamide
D00272	Chlorthalidone
D00273	Cidofovir
D00276	Clarithromycin
D00277	Clindamycin
D00280	Clonazepam
D00281	Clonidine
D00282	Clotrimazole
D00283	Clozapine
D00285	Sulfamethoxazole_and_Trimethoprim
D00287	Cyclophosphamide
D00289	Danazol
D00290	Demeclocycline
D00291	Desmopressin
D00292	Dexamethasone
D00293	Diazepam
D00294	Diazoxide
D00295	Cimetidine
D00296	Didanosine
D00298	Digoxin
D00300	Diphenhydramine
D00301	Diphenoxylate_hydrochloride_and_Atropine_sulfate
D00302	Dipyridamole
D00303	Disopyramide
D00304	Divalproex
D00304	Valproate
D00306	Dronabinol
D00307	Doxycycline
D00312	Estrone
D00313	Ethacrynate_Ethacrynic_Acid
D00314	Etidronate
D00315	Etodolac
D00317	Famciclovir
D00318	Famotidine
D00319	Felodipine
D00320	Fentanyl
D00321	Finasteride
D00322	Fluconazole
D00323	Flucytosine
D00324	Flunisolide
D00325	Fluocinonide
D00326	Fluoxetine
D00327	Fluoxymesterone
D00328	Flurandrenolide
D00329	Flurazepam
D00330	Flurbiprofen
D00331	Furosemide
D00332	Gabapentin
D00333	Ganciclovir
D00334	Gemfibrozil
D00335	Glipizide
D00336	Glyburide
D00340	Hydrochlorothiazide
D00341	Hydroxyurea
D00342	Idoxuridine
D00344	Imipenem_and_Cilastatin_Sodium
D00345	Indapamide
D00346	Isoniazid
D00348	Isotretinoin
D00349	Isradipine
D00350	Itraconazole
D00351	Ketoconazole
D00352	Lactulose
D00353	Lamivudine
D00354	Lamotrigine
D00355	Lansoprazole
D00356	Latanoprost
D00357	Losartan
D00358	Lidocaine
D00359	Lovastatin
D00360	Lindane
D00361	Liotrix
D00362	Lisinopril
D00363	Lomustine
D00365	Lorazepam
D00368	Mebendazole
D00369	Melphalan
D00370	Temazepam
D00371	Theophylline
D00373	Thioridazine
D00374	Thiothixene
D00376	Meprobamate
D00377	Mesalamine
D00378	Timolol
D00379	Tolazamide
D00380	Tolbutamide
D00382	Torsemide
D00383	Trandolapril
D00385	Triamcinolone
D00386	Triamterene
D00391	Trifluridine
D00393	Methenamine
D00394	Trimipramine
D00398	Valacyclovir
D00399	Valproate
D00399	Valproic_acid
D00400	Valsartan
D00401	Methimazole
D00402	Methocarbamol
D00404	Methsuximide
D00405	Methyldopa
D00407	Methylprednisolone
D00408	Methyltestosterone
D00409	Metronidazole
D00411	Zafirlukast
D00413	Zidovudine
D00414	Zileuton
D00415	Zolmitriptan
D00416	Miconazole
D00418	Minoxidil
D00419	Misoprostol
D00420	Mitotane
D00421	Ramipril
D00422	Ranitidine
D00423	Ribavirin
D00424	Rifabutin
D00425	Nabumetone
D00426	Risperidone
D00427	Ritonavir
D00429	Saquinavir
D00431	Metolazone
D00432	Nadolol
D00433	Sulfadiazine
D00434	Simvastatin
D00435	Nevirapine
D00437	Nifedipine
D00438	Nimodipine
D00439	Nitrofurantoin
D00440	Nizatidine
D00442	Octreotide
D00443	Spironolactone
D00445	Stavudine
D00446	Sucralfate
D00448	Sulfasalazine
D00451	Sumatriptan
D00453	Ofloxacin
D00454	Olanzapine
D00455	Omeprazole
D00456	Ondansetron
D00458	Quetiapine
D00459	Quinapril
D00462	Oxandrolone
D00463	Oxaprozin
D00464	Oxazepam
D00465	Oxybutynin
D00466	Piperacillin
D00471	Praziquantel
D00472	Prednisolone
D00473	Prednisone
D00474	Primidone
D00475	Probenecid
D00477	Procainamide
D00478	Procarbazine
D00479	Prochlorperazine
D00480	Promethazine
D00483	Propranolol
D00484	Protriptyline
D00487	Pyridostigmine
D00488	Pyrimethamine
D00493	Prochlorperazine
D00494	Promethazine
D00496	Penicillamine
D00497	Penicillin_V
D00498	Pentazocine
D00501	Pentoxifylline
D00503	Perphenazine
D00505	Phenelzine
D00507	Phenoxybenzamine
D00511	Phenylephrine
D00512	Phenytoin
D00513	Pindolol
D00515	Nitroglycerin
D00516	Isosorbide_dinitrate
D00519	Chlorothiazide
D00522	Candesartan
D00523	Irbesartan
D00525	Pilocarpine
D00526	Cromolyn
D00527	Nedocromil
D00529	Montelukast
D00530	Zaleplon
D00533	Oxcarbazepine
D00534	Malathion
D00535	Vigabatrin
D00536	Felbamate
D00537	Topiramate
D00538	Zonisamide
D00539	Ethosuximide
D00540	Glycopyrrolate
D00553	Prilocaine
D00554	Ethinyl_estradiol
D00558	Carbidopa
D00559	Pramipexole
D00560	Pimozide
D00562	Propylthiouracil
D00563	Mirtazapine
D00564	Warfarin
D00565	Fenofibrate_Fenofibric_Acid
D00567	Celecoxib
D00570	Colchicine
D00572	Succimer
D00578	Voriconazole
D00579	Foscarnet
D00584	Fluorouracil
D00586	Flutamide
D00587	Sulfadiazine
D00588	Levofloxacin
D00589	Gatifloxacin
D00591	Ethionamide
D00592	Dapsone
D00593	Glimepiride
D00594	Repaglinide
D00596	Rosiglitazone
D00597	Acebutolol
D00598	Betaxolol
D00599	Carteolol
D00600	Labetalol
D00601	Metoprolol
D00602	Penbutolol
D00603	Timolol
D00604	Clonidine
D00606	Guanfacine
D00608	Doxazosin
D00609	Prazosin
D00610	Terazosin
D00615	Amlodipine
D00616	Diltiazem
D00617	Nicardipine
D00618	Nisoldipine
D00619	Verapamil
D00620	Benazepril
D00621	Enalapril
D00622	Fosinopril
D00623	Moexipril
D00624	Perindopril
D00625	Miglitol
D00626	Candesartan
D00627	Telmisartan
D00630	Isosorbide_mononitrate
D00634	Bisoprolol
D00635	Metoprolol
D00636	Amiodarone
D00637	Disopyramide
D00638	Flecainide
D00639	Mexiletine
D00640	Propafenone
D00642	Quinidine
D00643	Quinidine
D00646	Tolterodine
D00647	Dofetilide
D00649	Amiloride
D00650	Bendroflumethiazide
D00652	Brinzolamide
D00653	Dorzolamide
D00655	Methazolamide
D00656	Methyclothiazide
D00659	Azelastine
D00661	Cevimeline
D00664	Cetirizine
D00666	Clemastine
D00669	Diphenhydramine
D00670	Donepezil
D00672	Hydroxyzine
D00673	Ranitidine
D00674	Naratriptan
D00675	Rizatriptan
D00676	Sumatriptan
D00677	Granisetron
D00678	Ondansetron
D00679	Ergotamine
D00682	Carboprost
D00683	Albuterol
D00685	Metaproterenol
D00687	Salmeterol
D00688	Terbutaline
D00689	Beclomethasone
D00690	Mometasone
D00691	Dyphylline
D00693	Chlordiazepoxide
D00694	Clorazepate
D00700	Mephobarbital
D00702	Buspirone
D00706	Zolpidem
D00708	Ethotoin
D00709	Levetiracetam
D00710	Valproate
D00715	Methscopolamine
D00717	Dicyclomine
D00718	Flavoxate
D00720	Mepenzolate
D00722	Oxybutynin
D00724	Rabeprazole
D00725	Dolasetron
D00726	Metoclopramide
D00727	Olsalazine
D00729	Loperamide
D00731	Magnesium
D00734	Ursodiol
D00736	Trientine
D00742	Etanercept
D00743	Naphazoline
D00746	Interferon_beta-1b
D00747	Interferon_gamma-1b,_Recombinant
D00749	Leflunomide
D00751	Methylprednisolone
D00753	Sirolimus
D00754	Thalidomide
D00756	Tetrahydrozoline
D00768	Carisoprodol
D00769	Clopidogrel
D00771	Chlorzoxazone
D00772	Cyclobenzaprine
D00773	Metaxalone
D00774	Orphenadrine
D00775	Riluzole
D00776	Tizanidine
D00777	Amantadine
D00778	Benztropine
D00780	Bromocriptine
D00781	Entacapone
D00784	Ropinirole
D00785	Selegiline
D00786	Tolcapone
D00787	Trihexyphenidyl
D00789	Chlorpromazine
D00791	Fluphenazine
D00792	Fluphenazine
D00793	Fluphenazine
D00794	Loxapine
D00798	Thioridazine
D00799	Trifluoperazine
D00801	Lithium
D00804	Ivermectin
D00809	Amitriptyline
D00811	Clomipramine
D00812	Desipramine
D00813	Ketorolac
D00814	Doxepin
D00815	Imipramine
D00816	Nortriptyline
D00817	Bupropion
D00818	Maprotiline
D00819	Nefazodone
D00820	Trazodone
D00821	Venlafaxine
D00822	Citalopram
D00823	Fluoxetine
D00824	Fluvoxamine
D00825	Sertraline
D00826	Tranylcypromine
D00827	Magnesium
D00831	Mefloquine
D00834	Pentamidine
D00836	Buprenorphine
D00837	Butorphanol
D00839	Hydromorphone
D00841	Levorphanol
D00842	Morphine
D00843	Nalbuphine
D00844	Oxymorphone
D00847	Oxycodone
D00850	Minocycline
D00851	Erythromycin
D00855	Methenamine
D00856	Methenamine
D00858	Chlorhexidine
D00865	Amikacin
D00866	Kanamycin
D00868	Paromomycin
D00871	Sulfacetamide
D00874	Moxifloxacin
D00877	Cycloserine
D00878	Ethambutol
D00879	Rifapentine
D00880	Butoconazole
D00881	Econazole
D00882	Miconazole
D00883	Naftifine
D00884	Natamycin
D00885	Oxiconazole
D00886	Sulconazole
D00887	Atorvastatin
D00888	Terconazole
D00891	Abacavir
D00892	Fluvastatin
D00893	Pravastatin
D00895	Delavirdine
D00896	Efavirenz
D00897	Indinavir
D00899	Nelfinavir
D00900	Oseltamivir
D00901	Rimantadine
D00902	Zanamivir
D00903	Diclofenac
D00904	Diclofenac
D00905	Cefazolin
D00906	Cephalexin
D00913	Cefoxitin
D00914	Cefuroxime
D00915	Cefuroxime
D00917	Cefdinir
D00919	Cefotaxime
D00920	Cefpodoxime
D00921	Ceftazidime
D00922	Ceftibuten
D00924	Ceftriaxone
D00925	Fosfomycin
D00926	Vancomycin
D00928	Nafcillin
D00929	Oxacillin
D00930	Paricalcitol
D00931	Calcium_acetate
D00939	Alendronate
D00941	Pamidronate
D00942	Risedronate
D00943	Fluoride
D00944	Metformin
D00945	Pioglitazone
D00947	Linezolid
D00948	Estropipate
D00950	Levonorgestrel
D00951	Medroxyprogesterone
D00952	Megestrol
D00953	Norethindrone
D00954	Norgestrel
D00957	Testosterone
D00958	Testosterone
D00959	Testosterone
D00960	Anastrozole
D00961	Bicalutamide
D00963	Exemestane
D00964	Letrozole
D00965	Nilutamide
D00966	Tamoxifen
D00967	Toremifene
D00968	Fenoprofen
D00969	Meloxicam
D00970	Naproxen
D00972	Betamethasone
D00973	Cortisone
D00975	Dexamethasone
D00976	Hydrocortisone
D00977	Hydrocortisone
D00978	Hydrocortisone
D00979	Methylprednisolone
D00980	Prednisolone
D00981	Prednisolone
D00982	Prednisolone
D00983	Triamcinolone
D00984	Triamcinolone
D00985	Triamcinolone
D00986	Fludrocortisone
D00987	Cabergoline
D00989	Leuprolide
D00990	Nafarelin
D00996	Epinephrine
D01000	Bethanechol
D01001	Ambenonium
D01008	Apraclonidine
D01009	Doxercalciferol
D01010	Levothyroxine
D01011	Liothyronine
D01017	Dipivefrin
D01021	Naphazoline
D01023	Tetrahydrozoline
D01024	Tamsulosin
D01025	Levobunolol
D01026	Sotalol
D01028	Ticlopidine
D01053	Penicillin_G
D01063	Gentamicin
D01066	Polymyxin_B
D01072	Chloramphenicol
D01073	Clindamycin
D01076	Mupirocin
D01077	Atropine
D01078	Telithromycin
D01079	Tigecycline
D01080	Daptomycin
D01093	Butenafine
D01096	Hydroxyzine
D01103	Trospium
D01107	Milnacipran
D01108	Magnesium
D01111	Nateglinide
D01112	Adapalene
D01115	Eplerenone
D01122	Ibuprofen
D01125	Calcipotriene
D01132	Tazarotene
D01136	Tranexamic_acid
D01139	Ammonium
D01148	Tolterodine
D01154	Potassium
D01157	Cefepime
D01160	Saquinavir
D01164	Aripiprazole
D01166	Mafenide
D01167	Magnesium
D01179	Duloxetine
D01192	Olopatadine
D01196	Acetazolamide
D01199	Emtricitabine
D01203	Sodium
D01204	Olmesartan
D01206	Febuxostat
D01207	Omeprazole
D01211	Leucovorin
D01213	Tolvaptan
D01227	Bosentan
D01239	Prednisolone
D01242	Promethazine
D01243	Prilocaine
D01251	Ampicillin
D01253	Clobazam
D01266	Difluprednate
D01269	Solifenacin
D01272	Clobetasol
D01276	Atazanavir
D01280	Warfarin
D01296	Methylphenidate
D01298	Potassium
D01302	Hydralazine
D01307	Midodrine
D01308	Halcinonide
D01317	Meclizine
D01327	Diflorasone
D01336	Carbinoxamine
D01337	Epoprostenol
D01340	Naloxone
D01345	Chlorhexidine
D01350	Streptomycin
D01355	Tramadol
D01357	Betamethasone
D01361	Erythromycin
D01364	Ciclopirox
D01373	Formoterol
D01381	Crotamiton
D01383	Meperidine
D01386	Ephedrine
D01387	Amcinonide
D01399	Fentanyl
D01402	Betamethasone
D01413	Estradiol
D01426	Tinidazole
D01441	Imatinib
D01442	Hydrocortisone
D01446	Magnesium
D01448	Trifluoperazine
D01451	Scopolamine
D01475	Flurbiprofen
D01501	Isoniazid
D01502	Fluoride
D01510	Dexamethasone
D01516	Tretinoin
D01615	Dexamethasone
D01617	Estradiol
D01618	Neomycin
D01619	Hydrocortisone
D01628	Cefditoren
D01632	Dexamethasone
D01637	Betamethasone
D01654	Bepotastine
D01655	Adefovir
D01663	Quinine
D01689	Loteprednol
D01692	Alfuzosin
D01699	Darifenacin
D01703	Ciclesonide
D01708	Fluticasone
D01712	Theophylline
D01713	Epinastine
D01779	Sodium
D01780	Sodium
D01798	Sapropterin
D01820	Alclometasone
D01825	Fluocinolone
D01832	Modafinil
D01836	Doripenem
D01844	Fondaparinux
D01862	Pitavastatin
D01886	Hydrocortisone
D01892	Icosapent_ethyl
D01896	Cilostazol
D01898	Haloperidol
D01907	Fludarabine
D01915	Rosuvastatin
D01929	Tiotropium
D01937	Zanamivir
D01939	Ziprasidone
D01948	Dexamethasone
D01953	Estradiol
D01964	Travoprost
D01965	Silodosin
D01966	Ezetimibe
D01968	Zoledronic_acid
D01973	Eletriptan
D01980	Luliconazole
D01982	Tenofovir
D01983	Sevelamer
D01984	Esomeprazole
D01990	Clindamycin
D01998	Prednisolone
D02002	Isoniazid
D02004	Apomorphine
D02008	Tadalafil
D02009	Erythromycin
D02022	Prochlorperazine
D02026	Magnesium
D02032	Betamethasone
D02037	Perphenazine
D02038	Potassium
D02050	Potassium
D02056	Sodium
D02060	Potassium
D02065	Ampicillin_Sodium_and_Sulbactam_Sodium
D02069	Atropine
D02071	Scopolamine
D02076	Brimonidine
D02077	Potassium
D02078	Dextroamphetamine
D02081	Metipranolol
D02082	Eprosartan
D02086	Lidocaine
D02095	Naltrexone
D02096	Fosphenytoin
D02097	Tiagabine
D02100	Ziprasidone
D02101	Codeine
D02102	Methadone
D02103	Phenytoin
D02110	Indomethacin
D02111	Pentazocine
D02113	Colestipol
D02114	Hydroxychloroquine
D02115	Methotrexate
D02118	Glucagon
D02119	Ampicillin
D02121	Ceftibuten
D02122	Tetracycline
D02124	Penciclovir
D02125	Chloroquine
D02126	Primaquine
D02129	Doxycycline
D02132	Clindamycin
D02134	Azithromycin
D02137	Dicloxacillin
D02147	Albuterol
D02149	Epinephrine
D02157	Penicillin_G
D02163	Fluphenazine
D02166	Mitoxantrone
D02168	Topotecan
D02173	Galantamine
D02174	Dexamethasone
D02175	Oxycodone
D02183	Sodium
D02184	Erythromycin
D02185	Chloramphenicol
D02187	Fosfomycin
D02188	Fosfomycin
D02189	Magnesium
D02193	Echothiophate
D02195	Mupirocin
D02200	Pilocarpine
D02211	Dihydroergotamine
D02212	Ipratropium
D02213	Metoclopramide
D02216	Ciprofloxacin
D02217	Raloxifene
D02219	Terbinafine
D02222	Meropenem
D02226	Cefazolin
D02227	Pentazocine
D02229	Sildenafil
D02230	Gramicidin
D02234	Cyproheptadine
D02235	Desmopressin
D02242	Methamphetamine
D02249	Emedastine
D02250	Octreotide
D02251	Piperacillin
D02257	Calcium_acetate
D02258	Atorvastatin
D02260	Paroxetine
D02261	Quinine
D02262	Quinine
D02267	Foscarnet
D02268	Ergoloid_mesylates
D02271	Morphine
D02272	Quinidine
D02274	Dantrolene
D02281	Levalbuterol
D02285	Tiludronate
D02286	Betamethasone
D02287	Clocortolone
D02288	Hydrocortisone
D02290	Flurbiprofen
D02297	Emtricitabine_and_Tenofovir
D02299	Cefazolin
D02336	Penicillin_G
D02338	Acebutolol
D02340	Loxapine
D02341	Meclofenamate
D02342	Bisoprolol
D02343	Carboprost
D02345	Cefoxitin
D02346	Lincomycin
D02347	Dantrolene
D02348	Dicloxacillin
D02349	Dipivefrin
D02350	Fenoprofen
D02351	Mafenide
D02352	Cefaclor
D02353	Cefadroxil
D02355	Tolmetin
D02356	Verapamil
D02358	Metoprolol
D02360	Sertraline
D02362	Paroxetine
D02366	Chloroquine
D02374	Metipranolol
D02375	Terbinafine
D02376	Cefepime
D02398	Estramustine
D02403	Potassium
D02405	Penicillin_V
D02408	Trimipramine
D02419	Diphenhydramine
D02448	Pyrimethamine
D02461	Penicillin_G
D02465	Micafungin
D02471	Gemifloxacin
D02472	Atovaquone_and_Proguanil_Hydrochloride
D02484	Artemether_and_Lumefantrine
D02486	Nitazoxanide
D02495	Valganciclovir
D02497	Fosamprenavir
D02498	Lopinavir_and_Ritonavir
D02499	Enfuvirtide
D02500	Imiquimod
D02501	Caspofungin
D02506	Penicillin_V
D02523	Erythromycin
D02524	Erythromycin
D02525	Erythromycin
D02537	Dronedarone
D02542	Tobramycin
D02542	Tobramycin_dry-powder_inhaler
D02543	Amikacin
D02554	Rifaximin
D02555	Posaconazole
D02558	Rivastigmine
D02562	Rasagiline
D02566	Maprotiline
D02567	Escitalopram
D02570	Desvenlafaxine
D02574	Atomoxetine
D02591	Dexamethasone
D02592	Dexamethasone
D02593	Pantoprazole
D02596	Tocilizumab
D02597	Adalimumab
D02598	Infliximab
D02599	Orphenadrine
D02609	Prochlorperazine
D02612	Thiothixene
D02624	Eszopiclone
D02666	Iloperidone
D02689	Ramelteon
D02690	Cholestyramine
D02691	Somatropin
D02691	Somatropin,_recombinant
D02705	Alprostadil
D02714	Everolimus
D02715	Balsalazide
D02716	Pregabalin
D02721	Iloprost
D02724	Bimatoprost
D02733	Trimethobenzamide
D02734	Abacavir
D02740	Lidocaine_and_Prilocaine
D02744	Interferon_Alfacon-1
D02745	Interferon_Alfa-2b,_Recombinant
D02747	Peginterferon_Alfa-2a
D02748	Peginterferon_Alfa-2b
D02754	Acitretin
D02764	Acyclovir
D02768	Adefovir
D02780	Acamprosate
D02810	Alglucerase
D02815	Alitretinoin
D02824	Almotriptan
D02825	Almotriptan
D02829	Alosetron
D02841	Altretamine
D02861	Indinavir
D02867	Fosamprenavir
D02878	Alvimopan
D02910	Amiodarone
D02914	Amlodipine
D02919	Ammonium
D02920	Ammonium_lactate
D02921	Ammonium
D02925	Amoxicillin
D02933	Anagrelide
D02934	Anakinra
D02968	Aprepitant
D02981	Arformoterol
D02994	Rituximab
D02995	Asenapine
D03011	Atropine
D03020	Imiglucerase
D03033	Azathioprine
D03034	Azelaic_acid
D03047	Bacitracin
D03048	Bacitracin
D03065	Becaplermin
D03068	Belimumab
D03093	Benzoyl_peroxide
D03103	Betaine
D03106	Bexarotene
D03163	Bromfenac
D03165	Bromocriptine
D03197	Butorphanol
D03203	Abatacept
D03208	Aliskiren
D03211	Anidulafungin
D03213	Apixaban
D03215	Armodafinil
D03218	Axitinib
D03228	Agalsidase_beta
D03230	Insulin_human_(regular)
D03231	Epoetin_alfa
D03234	Risedronate
D03235	Filgrastim
D03242	Magnesium
D03250	Insulin_glargine
D03252	Bosutinib
D03256	Valganciclovir
D03262	Kanamycin
D03263	Sodium_polystyrene_sulfonate
D03265	Magnesium
D03271	Magnesium
D03274	Chlorpromazine
D03285	Diphenhydramine
D03290	Promethazine
D03297	Mecasermin
D03301	Prednisolone
D03325	Mometasone
D03353	Dalteparin
D03358	Teriparatide
D03360	Diphenhydramine
D03365	Nicotine
D03399	Carboprost
D03415	Carvedilol
D03431	Cefuroxime
D03438	Cephalexin
D03441	Certolizumab_pegol
D03461	Chloramphenicol
D03463	Chlorhexidine
D03469	Chloroquine
D03471	Chlorothiazide
D03478	Chorionic_Gonadotropin
D03479	Chromic
D03480	Chromic
D03481	Chromic
D03482	Chromic
D03488	Ciclopirox
D03503	Cimetidine
D03504	Cinacalcet
D03505	Cinacalcet
D03535	Clemastine
D03541	Clocortolone
D03562	Clorazepate
D03579	Codeine
D03580	Codeine
D03582	Colesevelam
D03593	Corticotropin
D03605	Crofelemer
D03634	Cysteamine
D03635	Cysteamine
D03651	Darbepoetin_alfa
D03654	Darifenacin
D03656	Darunavir
D03658	Dasatinib
D03669	Deferasirox
D03674	Enoxaparin
D03680	Demeclocycline
D03684	Denosumab
D03693	Desloratadine
D03696	Desonide
D03697	Desoximetasone
D03721	Dexmethylphenidate
D03731	Selegiline
D03740	Dextroamphetamine
D03752	Quinapril
D03753	Perindopril
D03783	Oxycodone
D03814	Atropine
D03820	Dutasteride
D03822	Rivastigmine
D03830	Diltiazem
D03833	Indinavir
D03835	Fosamprenavir
D03837	Fosamprenavir
D03843	Tipranavir
D03846	Dimethyl_fumarate
D03854	Diphenhydramine
D03895	Doripenem
D03903	Doxycycline
D03904	Doxycycline
D03914	Dronedarone
D03936	Econazole
D03978	Eltrombopag_olamine
D04008	Entecavir
D04018	Ephedrine
D04023	Erlotinib
D04024	Lapatinib
D04034	Chlorpromazine
D04038	Perphenazine
D04040	Eprosartan
D04049	Ertapenem
D04054	Erythromycin
D04056	Esomeprazole
D04061	Estradiol
D04063	Estradiol
D04064	Estradiol
D04065	Estradiol
D04066	Estramustine
D04070	Estrogens,_conjugated
D04071	Estrogens,_esterified
D04079	Ethacrynate_Ethacrynic_Acid
D04107	Etoposide
D04112	Etravirine
D04121	Exenatide
D04127	Dalfampridine
D04187	Fingolomid
D04214	Flunisolide
D04253	Fosfomycin
D04264	Frovatriptan
D04292	Galantamine
D04301	Ganciclovir
D04318	Glatiramer
D04358	Golimumab
D04369	Gramicidin
D04370	Granisetron
D04400	Sodium
D04409	Halobetasol
D04458	Hydralazine
D04467	Hydrocortisone
D04475	Insulin_aspart
D04477	Insulin_lispro
D04478	Hydroxypropyl_Cellulose
D04486	Ibandronate
D04490	Ibuprofen
D04492	Icatibant
D04499	Idursulfase
D04516	Immune_Globulin_Intravenous_(Human)
D04539	Insulin_detemir
D04540	Insulin_glulisine
D04541	Isophane_insulin_(human)
D04547	Isophane_insulin_(human)
D04553	Interferon_Alfa-n3
D04554	Interferon_beta-1a
D04636	Isotretinoin
D04666	Lanreotide
D04667	Lanthanum
D04670	Laronidase
D04687	Lenalidomide
D04701	Levalbuterol
D04703	Levalbuterol
D04747	Lisdexamfetamine
D04749	Lithium
D04750	Lithium
D04760	Lodoxamide
D04762	Lodoxamide
D04790	Lubiprostone
D04820	Lurasidone
D04833	Magnesium
D04834	Magnesium
D04835	Magnesium
D04836	Magnesium
D04839	Magnesium
D04852	Manganese
D04853	Manganese
D04854	Manganese
D04866	Measles_virus_vaccine_live
D04870	Mecasermin
D04872	Mechlorethamine
D04895	Mefloquine
D04905	Memantine
D04910	Meningococcal_Polysaccharide_Vaccine
D04931	6-Mercaptopurine
D04931	Mercaptopurine
D04954	Metaproterenol
D04965	Perphenazine
D04966	Metformin
D04997	Methyldopate
D04999	Methylphenidate
D05000	Methylprednisolone
D05001	Methylprednisolone
D05002	Methylprednisolone
D05008	Metoclopramide
D05011	Metoprolol
D05016	Metronidazole
D05017	Metronidazole
D05032	Miglustat
D05045	Minocycline
D05096	Mycophenolic_acid
D05099	Nabilone
D05113	Naltrexone
D05127	Nebivolol
D05129	Nedocromil
D05130	Nedocromil
D05141	Neomycin
D05142	Neomycin
D05143	Nepafenac
D05156	Nicotine
D05157	Nicotine
D05177	Nitisinone
D05230	Octreotide
D05246	Olmesartan
D05255	Omega-3-acid_ethyl_esters
D05257	Diphtheria_and_Tetanus_Toxoids_Adsorbed_(DT)
D05259	Omeprazole
D05261	Omeprazole
D05277	Formoterol
D05283	Sodium
D05312	Oxycodone
D05313	Japanese_Encephalitis_Virus_Vaccine_Inactivated
D05316	Tetanus_Toxoid_Adsorbed
D05324	Hepatitis_B_Virus_Vaccine_Recombinant
D05338	Palifermin
D05339	Paliperidone
D05340	Paliperidone
D05343	Palonosetron
D05349	Pancrelipase
D05352	Sodium
D05353	Pantoprazole
D05356	Diphtheria_and_Tetanus_Toxoids_and_Acellular_Pertussis_Vaccine_Adsorbed_(DTaP)
D05362	Rubella_Virus_Vaccine
D05374	Paroxetine
D05375	Paroxetine
D05380	Pazopanib
D05384	Pegademase_bovine
D05394	Pegvisomant
D05407	Penciclovir
D05408	Penicillin_G
D05411	Penicillin_V
D05413	Penicillin_V
D05428	Pentosan_polysulfate
D05429	Aminophylline
D05443	Permethrin
D05462	Oxycodone
D05478	Pilocarpine
D05480	Pimecrolimus
D05511	Piroxicam
D05512	Piroxicam
D05513	Piroxicam
D05529	Podofilox
D05543	Poliovirus_Vaccine_Inactivated
D05575	Pramipexole
D05578	Potassium
D05582	Potassium
D05594	Pramlintide
D05595	Pramlintide
D05597	Prasugrel
D05601	Prednicarbate
D05624	Potassium_citrate_and_Sodium_citrate
D05681	Quinine
D05699	Ranitidine
D05700	Ranolazine
D05701	Ranolazine
D05720	Retapamulin
D05729	Rimexolone
D05740	Rizatriptan
D05744	Roflumilast
D05768	Rotigotine
D05775	Rufinamide
D05782	Sacrosidase
D05792	Salmeterol
D05803	Sargramostim
D05815	Selenium
D05859	Sodium
D05860	Fluoride
D05866	Sodium_oxybate
D05868	Sodium_phenylbutyrate
D05869	Sodium
D05919	Fluoride
D05947	Sulfacetamide
D05949	Sulfadiazine
D05987	Estrogens,_conjugated_synthetic
D06007	Tapentadol
D06032	Etidronate
D06053	Teduglutide
D06057	Telavancin
D06074	Tenofovir
D06078	Teriparatide
D06085	Testosterone
D06086	Testosterone
D06087	Testosterone
D06098	Tetracycline
D06103	Theophylline
D06104	Theophylline
D06109	Thioguanine
D06177	Tolbutamide
D06213	Treprostinil
D06216	Triamcinolone
D06236	Trimethoprim
D06247	Triptorelin
D06248	Triptorelin
D06261	Typhoid_Vaccine_Live_Oral
D06272	Sorafenib
D06274	Tafluprost
D06282	Varenicline
D06315	Fluticasone
D06320	Vorinostat
D06347	Yellow_Fever_Vaccine
D06389	Sodium
D06390	Azithromycin
D06397	Estramustine
D06401	Indapamide
D06402	Sunitinib
D06404	Liraglutide
D06412	Aliskiren
D06413	Nilotinib
D06414	Dasatinib
D06415	Meningococcal_Polysaccharide_Vaccine
D06475	Hepatitis_B_Virus_Vaccine_Recombinant
D06478	Darunavir
D06495	Octreotide
D06504	Rabies_Vaccine
D06512	Rubella_Virus_Vaccine
D06546	Teriparatide
D06547	Tetanus_Toxoid
D06553	Alogliptin
D06558	Aztreonam
D06565	Galsulfase
D06606	Ibuprofen
D06612	Linaclotide
D06618	Methylnaltrexone
D06622	Nebivolol
D06623	Olanzapine
D06635	Rilonacept
D06642	Sevelamer
D06645	Sitagliptin
D06655	Tesamorelin
D06670	Maraviroc
D06675	Telbivudine
D06676	Raltegravir
D06806	Measles_virus_vaccine_live
D06876	Hydrocortisone
D06883	Sertaconazole
D06886	Natalizumab
D06889	Pegfilgrastim
D07057	Abacavir
D07058	Acamprosate
D07073	Dexamethasone
D07077	Ambrisentan
D07082	Dabigatran
D07086	Rivaroxaban
D07106	Albendazole
D07113	Loperamide
D07116	Alclometasone
D07119	Alendronate
D07124	Alfuzosin
D07129	Alosetron
D07130	Carglumic_acid
D07132	Buprenorphine
D07133	Raltegravir
D07144	Dabigatran
D07175	Palonosetron
D07203	Methylprednisolone
D07226	Fesoterodine
D07299	Lacosamide
D07402	Levocetirizine
D07416	Deferiprone
D07441	Amantadine
D07447	Amiloride
D07448	Amitriptyline
D07450	Amlodipine
D07452	Amoxicillin
D07455	Anagrelide
D07460	Apomorphine
D07461	Apraclonidine
D07463	Arformoterol
D07467	Paromomycin
D07471	Atazanavir
D07473	Atomoxetine
D07474	Atorvastatin
D07477	Atropine
D07483	Azelastine
D07486	Azithromycin
D07488	Balsalazide
D07499	Benazepril
D07507	Lamivudine_and_Zidovudine
D07510	Enoxaparin
D07511	Benztropine
D07523	Betaine
D07525	Betaine
D07526	Betaxolol
D07538	Bosentan
D07540	Brimonidine
D07541	Bromfenac
D07554	Acetylcysteine
D07564	Allopurinol
D07570	Ampicillin
D07591	Bupropion
D07593	Buspirone
D07595	Fosphenytoin
D07596	Butenafine
D07598	Butoconazole
D07607	Capreomycin
D07617	Carbinoxamine
D07624	Carteolol
D07626	Caspofungin
D07639	Cefditoren
D07640	Cefixime
D07647	Cefotaxime
D07650	Cefpodoxime
D07651	Cefprozil
D07654	Ceftazidime
D07659	Ceftriaxone
D07662	Cetirizine
D07667	Cevimeline
D07668	Chlorhexidine
D07669	Chlorhexidine
D07674	Chloramphenicol
D07675	Chloramphenicol
D07680	Chloroquine
D07702	Ciprofloxacin
D07704	Citalopram
D07705	Citalopram
D07710	Clarithromycin
D07715	Clobetasol
D07719	Clocortolone
D07727	Clomipramine
D07729	Clopidogrel
D07740	Codeine
D07743	Colesevelam
D07749	Cortisone
D07758	Cyclobenzaprine
D07760	Cyclophosphamide
D07765	Cyproheptadine
D07771	Colestipol
D07782	Delavirdine
D07791	Desipramine
D07793	Desvenlafaxine
D07796	Dexamethasone
D07797	Dexamethasone
D07798	Dexamethasone
D07799	Dexamethasone
D07800	Dexamethasone
D07801	Dexamethasone
D07802	Dexamethasone
D07806	Dexmethylphenidate
D07816	Diclofenac
D07817	Diclofenac
D07818	Diclofenac
D07819	Diclofenac
D07820	Dicyclomine
D07827	Diflorasone
D07837	Dihydroergotamine
D07838	Dihydroergotamine
D07845	Diltiazem
D07867	Dolasetron
D07869	Donepezil
D07871	Dorzolamide
D07874	Doxazosin
D07875	Doxepin
D07876	Doxycycline
D07877	Doxycycline
D07880	Duloxetine
D07887	Eletriptan
D07890	Emedastine
D07892	Enalapril
D07896	Entecavir
D07900	Epinastine
D07906	Ergotamine
D07907	Erlotinib
D07908	Ertapenem
D07909	Erythromycin
D07910	Erythromycin
D07913	Escitalopram
D07917	Esomeprazole
D07918	Estradiol
D07919	Estradiol
D07925	Ethambutol
D07928	Ethinyl_estradiol
D07938	Bupropion
D07961	Flavoxate
D07966	Fludarabine
D07967	Fludrocortisone
D07974	Fluorouracil
D07977	Fluphenazine
D07981	Fluticasone
D07983	Fluvastatin
D07984	Fluvoxamine
D07986	Leucovorin
D07987	Leucovorin
D07990	Formoterol
D07992	Fosinopril
D07993	Fosphenytoin
D07995	Fosfomycin
D07997	Frovatriptan
D07999	Furosemide
D08011	Gatifloxacin
D08012	Gemifloxacin
D08013	Gentamicin
D08031	Guanfacine
D08035	Haloperidol
D08044	Hydralazine
D08047	Hydromorphone
D08050	Hydroxychloroquine
D08054	Hydroxyzine
D08058	Ibuprofen
D08059	Ibuprofen
D08065	Iloprost
D08066	Imatinib
D08067	Azilsartan
D08070	Imipramine
D08071	Imipramine
D08074	Penbutolol
D08102	Ketoprofen
D08103	Ketoprofen
D08104	Ketorolac
D08106	Labetalol
D08108	Lapatinib
D08115	Levobunolol
D08118	Levocetirizine
D08120	Levofloxacin
D08123	Levorphanol
D08125	Levothyroxine
D08127	Lidocaine
D08128	Liothyronine
D08129	Liothyronine
D08130	Lisdexamfetamine
D08131	Lisinopril
D08133	Lithium
D08134	Lithium
D08135	Lithium
D08136	Lithium
D08137	Lithium
D08139	Lodoxamide
D08144	Loperamide
D08146	Losartan
D08147	Loteprednol
D08148	Loxapine
D08162	Meclofenamate
D08163	Meclizine
D08166	Medroxyprogesterone
D08167	Megestrol
D08173	Melphalan
D08174	Memantine
D08185	Meropenem
D08187	Methamphetamine
D08195	Methadone
D08199	Methenamine
D08205	Methyldopa
D08214	Metronidazole
D08215	Mexiletine
D08218	Micafungin
D08220	Midodrine
D08222	Milnacipran
D08224	Mitoxantrone
D08225	Moexipril
D08227	Mometasone
D08229	Montelukast
D08233	Morphine
D08234	Morphine
D08237	Moxifloxacin
D08241	Nafarelin
D08242	Nafcillin
D08245	Naftifine
D08246	Nalbuphine
D08249	Naloxone
D08253	Naphazoline
D08255	Naratriptan
D08257	Nefazodone
D08259	Nelfinavir
D08260	Neomycin
D08270	Nicardipine
D08287	Norfloxacin
D08288	Nortriptyline
D08291	Ofloxacin
D08293	Olopatadine
D08295	Olsalazine
D08300	Metaproterenol
D08305	Orphenadrine
D08306	Oseltamivir
D08307	Oxacillin
D08313	Oxiconazole
D08323	Oxymorphone
D08330	Penicillamine
D08333	Pentamidine
D08341	Perphenazine
D08342	Perphenazine
D08343	Meperidine
D08349	Phenelzine
D08358	Phenoxybenzamine
D08365	Phenylephrine
D08366	Phenylephrine
D08376	Pilocarpine
D08378	Pioglitazone
D08380	Piperacillin
D08401	Polymyxin_B
D08410	Pravastatin
D08411	Prazosin
D08412	Prednisolone
D08413	Prednisolone
D08414	Prednisolone
D08415	Prednisolone
D08416	Prednisone
D08420	Primaquine
D08421	Procainamide
D08423	Procarbazine
D08432	Promethazine
D08435	Propafenone
D08443	Propranolol
D08447	Protriptyline
D08456	Quetiapine
D08458	Quinidine
D08459	Quinidine
D08460	Quinine
D08461	Quinine
D08463	Rabeprazole
D08465	Raloxifene
D08469	Rasagiline
D08483	Rimantadine
D08485	Rizatriptan
D08489	Ropinirole
D08491	Rosiglitazone
D08492	Rosuvastatin
D08505	Sapropterin
D08510	Sertaconazole
D08512	Sevelamer
D08514	Sildenafil
D08522	Solifenacin
D08524	Sorafenib
D08525	Sotalol
D08531	Streptomycin
D08535	Sulconazole
D08552	Sunitinib
D08556	Tacrolimus
D08559	Tamoxifen
D08560	Tamsulosin
D08569	Terazosin
D08570	Terbutaline
D08573	Testosterone
D08574	Testosterone
D08575	Tetrabenazine
D08578	Tetrahydrozoline
D08588	Tiagabine
D08594	Ticlopidine
D08599	Tiludronate
D08600	Timolol
D08605	Tipranavir
D08611	Tizanidine
D08618	Topotecan
D08620	Toremifene
D08623	Tramadol
D08625	Tranylcypromine
D08626	Trazodone
D08628	Treprostinil
D08636	Trifluoperazine
D08638	Trihexyphenidyl
D08643	Trimethobenzamide
D08644	Trimethoprim
D08649	Triptorelin
D08660	Halobetasol
D08664	Valacyclovir
D08667	Valproate
D08667	Valproic_acid
D08669	Varenicline
D08670	Venlafaxine
D08682	Warfarin
D08687	Ziprasidone
D08689	Zoledronic_acid
D08690	Zolpidem
D08699	Fluticasone_propionate_Salmeterol
D08768	Promethazine
D08775	Abacavir_and_Lamivudine
D08777	Varicella_Virus_Vaccine
D08808	Anti-thymocyte_globulin
D08837	Aclidinium
D08853	Ammonium
D08864	Azilsartan
D08865	Azilsartan
D08872	Besifloxacin
D08876	Boceprevir
D08884	Ceftaroline
D08890	Choline_fenofibrate
D08901	Degarelix
D08903	Dexlansoprazole
D08923	Fesoterodine
D08946	Mipomersen
D08953	Nilotinib
D08958	Ospemifene
D08964	Perampanel
D08966	Phenylephrine
D08971	Plerixafor
D08976	Pomalidomide
D08990	Romiplostim
D08996	Saxagliptin
D08997	Sinecatechins
D09012	Telaprevir
D09015	Tesamorelin
D09017	Ticagrelor
D09029	Velaglucerase_alfa
D09189	Haemophilus_B_Conjugate_Vaccine
D09190	Anti-thymocyte_globulin
D09214	Ustekinumab
D09215	Eslicarbazepine
D09314	Ofatumumab
D09315	Canakinumab
D09318	Indacaterol
D09319	Indacaterol
D09339	Esomeprazole
D09355	Linaclotide
D09384	Spinosad
D09393	Ingenol_mebutate
D09394	Fidaxomicin
D09400	Degarelix
D09535	Mirabegron
D09539	Gabapentin
D09539	Gabapentin_enacarbil
D09566	Linagliptin
D09567	Ulipristal
D09569	Ezogabine
D09572	Riociguat
D09592	Canagliflozin
D09595	Budesonide_Formoterol_fumarate
D09596	Collagenase
D09612	Eslicarbazepine
D09637	Lomitapide
D09638	Lomitapide
D09675	Taliglucerase_alfa
D09687	Ulipristal
D09698	Vilazodone
D09699	Vilazodone
D09701	Abiraterone
D09705	Bepotastine
D09707	Dabigatran
D09720	Rilpivirine
D09724	Afatinib
D09728	Bosutinib
D09731	Crizotinib
D09733	Afatinib
D09783	Tofacitinib
D09806	Theophylline
D09808	Carbinoxamine
D09872	Bedaquiline
D09873	Bedaquiline
D09916	Ivacaftor
D09950	Ponatinib
D09951	Ponatinib
D09958	Rilpivirine
D09959	Ruxolitinib
D09960	Ruxolitinib
D09970	Tofacitinib
D09992	Vismodegib
D09996	Vemurafenib
D10062	Cabozantinib
D10064	Dabrafenib
D10066	Dolutegravir
D10072	Levomilnacipran
D10081	Simeprevir
D10095	Cabozantinib
D10104	Dabrafenib
D10113	Dolutegravir
D10127	Glycerol_Phenylbutyrate
D10133	Levomilnacipran
D10135	Macitentan
D10137	Regorafenib
D10138	Regorafenib
D10147	Pasireotide
D10172	Teriflunomide
D10175	Trametinib
D10176	Trametinib
D10184	Vortioxetine
D10185	Vortioxetine
D10192	Human_Papillomavirus_Quadrivalent_(types_6,_11,_16_and_18)_Vaccine_Recombinant
D10208	Dextromethorphan_Quinidine
D10212	Human_Papillomavirus_Bivalent_(type_16_and_18)_Vaccine_Recombinant
D10214	Diphtheria_and_Tetanus_Toxoids_and_Acellular_Pertussis_Absorbed_and_Inactivated_Poliovirus_(DTaP-IPV)_Vaccine
D10218	Enzalutamide
D10223	Ibrutinib
D10250	Buprenorphine_Naloxone
D10357	Doxylamine_Succinate_Pyridoxine_Hydrochloride
D10366	Sofosbuvir
D10469	Simeprevir
D10497	Pasireotide
D10501	Fluticasone_furoate_Vilanterol_trifenatate